{
"MS_IMU": {
"message_count": 1934,
"message_freq": 99.68998168261018,
"timespan": 19.400144,
"var_stats": {
"linear_accel": {
"max": 12.400080680847168,
"max_diff": 12.918390393257141,
"mean": 3.257841964551005,
"mean_diff": 4.933504227515416,
"min": -3.009448289871216,
"min_diff": -2.5820536017417908,
"std": 4.673361992630329,
"std_diff": 4.868372512989943
},
"q": {
"max": 0.5082193613052368,
"max_diff": 0.0038247713819146156,
"mean": -0.1193373105229555,
"mean_diff": -0.443673240844647,
"min": -0.9122141003608704,
"min_diff": -0.9096252101007849,
"std": 0.4855498155019973,
"std_diff": 0.36283702351483277
},
"rotation_rate": {
"max": 0.12489961087703705,
"max_diff": 0.14183326996862888,
"mean": -0.003985083160657791,
"mean_diff": -0.0058117482885012665,
"min": -0.14386677742004395,
"min_diff": -0.18531643599271774,
"std": 0.021927536466516042,
"std_diff": 0.03144507943869211
},
"utime": {
"max": 1533151622950597,
"max_diff": 31952.0,
"mean": 1533151613246485.5,
"mean_diff": 10036.287635799275,
"min": 1533151603550453,
"min_diff": 2890.0,
"std": 5599307.060506517,
"std_diff": 4526.035213665618
}
}
},
"POSE": {
"message_count": 969,
"message_freq": 49.95124727336555,
"timespan": 19.398915,
"var_stats": {
"accel": {
"max": 10.9549731598357,
"max_diff": 11.389267757920734,
"mean": 3.256153456496367,
"mean_diff": 4.935950187822899,
"min": -2.8478524753826266,
"min_diff": -0.8943232272947483,
"std": 4.6685507251279175,
"std_diff": 4.8577641948977
},
"orientation": {
"max": 0.9686644078963473,
"max_diff": 0.0,
"mean": 0.15220590551972787,
"mean_diff": -0.42532380202240183,
"min": -0.35127395467636796,
"min_diff": -0.9686644078963473,
"std": 0.4762702618523643,
"std_diff": 0.39042668552052384
},
"pos": {
"max": 1647.4452401729745,
"max_diff": 1047.243098319236,
"mean": 752.9186716442284,
"mean_diff": -324.01613384317045,
"min": 0.0,
"min_diff": -1647.4452401729745,
"std": 661.9629822349406,
"std_diff": 1287.1112582658088
},
"rotation_rate": {
"max": 0.12489961087703705,
"max_diff": 0.14183326996862888,
"mean": -0.003976419387494671,
"mean_diff": -0.0058673095865987394,
"min": -0.123482346534729,
"min_diff": -0.18019745498895645,
"std": 0.02198948619400524,
"std_diff": 0.03140885947638618
},
"utime": {
"max": 1533151622957225,
"max_diff": 40465.0,
"mean": 1533151613254701.0,
"mean_diff": 20040.201446280993,
"min": 1533151603558310,
"min_diff": 12367.0,
"std": 5611020.58799397,
"std_diff": 1101.2608991017844
},
"vel": {
"max": 8.924467293417234,
"max_diff": 0.0,
"mean": 1.996761108274027,
"mean_diff": -2.995141662411041,
"min": 0.0,
"min_diff": -8.924467293417234,
"std": 3.15670239287979,
"std_diff": 3.457869836067098
}
}
},
"SteerAngleFeedback": {
"message_count": 1896,
"message_freq": 97.76961014213258,
"timespan": 19.392529,
"var_stats": {
"utime": {
"max": 1533151622948719,
"max_diff": 30374.0,
"mean": 1533151613213258.0,
"mean_diff": 10233.524538258574,
"min": 1533151603556190,
"min_diff": 543.0,
"std": 5600399.621013511,
"std_diff": 1817.0674943296203
},
"value": {
"max": 0.07163047484373825,
"max_diff": 0.008726646259971646,
"mean": -0.06383505929312334,
"mean_diff": 8.749671711844926e-05,
"min": -0.3210686068549859,
"min_diff": -0.005235987755978222,
"std": 0.10668803077034991,
"std_diff": 0.0013644937954039509
}
}
},
"VEHICLE_MONITOR": {
"message_count": 40,
"message_freq": 1.9999631006807925,
"timespan": 20.000369,
"var_stats": {
"available_distance": {
"max": 70,
"max_diff": 1.0,
"mean": 69.85,
"mean_diff": 0.0,
"min": 69,
"min_diff": -1.0,
"std": 0.3570714214271425,
"std_diff": 0.3922322702763681
},
"battery_level": {
"max": 80,
"max_diff": 0.0,
"mean": 80.0,
"mean_diff": 0.0,
"min": 80,
"min_diff": 0.0,
"std": 0.0,
"std_diff": 0.0
},
"brake": {
"max": 16,
"max_diff": 10.0,
"mean": 2.1,
"mean_diff": 0.0,
"min": 0,
"min_diff": -6.0,
"std": 4.897958758503383,
"std_diff": 2.309401076758503
},
"brake_switch": {
"max": 4,
"max_diff": 3.0,
"mean": 1.45,
"mean_diff": 0.0,
"min": 1,
"min_diff": -3.0,
"std": 1.0712142642814273,
"std_diff": 0.6793662204867574
},
"gear_position": {
"max": 7,
"max_diff": 0.0,
"mean": 7.0,
"mean_diff": 0.0,
"min": 7,
"min_diff": 0.0,
"std": 0.0,
"std_diff": 0.0
},
"left_signal": {
"max": 0,
"max_diff": 0.0,
"mean": 0.0,
"mean_diff": 0.0,
"min": 0,
"min_diff": 0.0,
"std": 0.0,
"std_diff": 0.0
},
"rear_left_rpm": {
"max": 281.5584,
"max_diff": 15.637500000000017,
"mean": 190.7556075,
"mean_diff": -0.24592307692307713,
"min": 55.3776,
"min_diff": -40.907700000000006,
"std": 77.61567465482854,
"std_diff": 16.325216581960834
},
"rear_right_rpm": {
"max": 286.0203,
"max_diff": 15.428999999999988,
"mean": 193.9060425,
"mean_diff": -0.1913923076923072,
"min": 56.0865,
"min_diff": -42.0753,
"std": 78.69237731205891,
"std_diff": 16.73139550676473
},
"right_signal": {
"max": 0,
"max_diff": 0.0,
"mean": 0.0,
"mean_diff": 0.0,
"min": 0,
"min_diff": 0.0,
"std": 0.0,
"std_diff": 0.0
},
"steering": {
"max": 4.300000000000182,
"max_diff": 7.300000000000182,
"mean": -2.799999999999841,
"mean_diff": 0.3512820512820466,
"min": -17.699999999999818,
"min_diff": -4.800000000000182,
"std": 6.0440052945046245,
"std_diff": 2.2153163569731684
},
"steering_speed": {
"max": 19.900000000000272,
"max_diff": 19.90000000000009,
"mean": 0.27000000000020846,
"mean_diff": 0.10256410256410256,
"min": -9.999999999999819,
"min_diff": -23.90000000000009,
"std": 5.2687854387895054,
"std_diff": 7.0589999720120264
},
"throttle": {
"max": 294,
"max_diff": 86.0,
"mean": 140.35,
"mean_diff": 1.8205128205128205,
"min": 0,
"min_diff": -154.0,
"std": 110.78505088684122,
"std_diff": 37.33347421782378
},
"utime": {
"max": 1533151623899468,
"max_diff": 1000498.0,
"mean": 1533151613661721.8,
"mean_diff": 512829.9743589744,
"min": 1533151603899099,
"min_diff": 499313.0,
"std": 5793211.645532489,
"std_diff": 79110.98775721625
},
"vehicle_speed": {
"max": 31.96,
"max_diff": 1.7700000000000014,
"mean": 21.7515,
"mean_diff": -0.024102564102564134,
"min": 6.36,
"min_diff": -4.579999999999998,
"std": 8.754107193197944,
"std_diff": 1.8388021713545046
},
"yaw_rate": {
"max": 0.5000000000000284,
"max_diff": 1.3000000000000114,
"mean": -0.7474999999999753,
"mean_diff": 0.06666666666666653,
"min": -3.8999999999999773,
"min_diff": -1.0,
"std": 1.165973305869393,
"std_diff": 0.4874493179878711
}
}
},
"ZOE_VEH_INFO": {
"message_count": 1928,
"message_freq": 99.38071075043106,
"timespan": 19.400143,
"var_stats": {
"FL_wheel_speed": {
"max": 283.4349,
"max_diff": 8.631899999999973,
"mean": 189.51696177385892,
"mean_diff": -0.0066650752464971355,
"min": 55.1274,
"min_diff": -7.255799999999965,
"std": 77.69483272789783,
"std_diff": 0.768263542653296
},
"FR_wheel_speed": {
"max": 282.0171,
"max_diff": 6.0464999999999804,
"mean": 188.9253105809129,
"mean_diff": -0.005691281785158271,
"min": 54.8772,
"min_diff": -6.088199999999972,
"std": 77.23049950610007,
"std_diff": 0.7189248134590489
},
"RL_wheel_speed": {
"max": 283.4349,
"max_diff": 6.588599999999985,
"mean": 189.02095238589212,
"mean_diff": -0.0060591593149973986,
"min": 54.8772,
"min_diff": -6.338400000000036,
"std": 77.69763931632889,
"std_diff": 0.7812471214156291
},
"RR_wheel_speed": {
"max": 287.8551,
"max_diff": 6.088199999999972,
"mean": 192.0938833506224,
"mean_diff": -0.006556875973015032,
"min": 55.8363,
"min_diff": -10.508399999999995,
"std": 78.72756098884607,
"std_diff": 0.803120276321621
},
"left_solar": {
"max": 0,
"max_diff": 112.0,
"mean": -12.257261410788383,
"mean_diff": 0.05812143227815257,
"min": -112,
"min_diff": -112.0,
"std": 34.96530881768237,
"std_diff": 4.418758099802386
},
"longitudinal_accel": {
"max": 1.0500000000000007,
"max_diff": 0.6500000000000004,
"mean": -0.12429979253111967,
"mean_diff": 0.0003632589517384541,
"min": -3.05,
"min_diff": -0.6000000000000014,
"std": 1.131348856830014,
"std_diff": 0.08775510138897454
},
"meanEffTorque": {
"max": 70.0,
"max_diff": 6.5,
"mean": 11.069761410788383,
"mean_diff": 0.02075765438505449,
"min": -96.5,
"min_diff": -3.0,
"std": 47.79470364615282,